encoder,model,base_c,optimizer,batch_size,lr,loss_type,focal_alpha,focal_gamma,use_scheduler,scheduler_type,warmup_epochs,target_param,param_value,epoch,train_loss,val_iou,val_dice
baseline,unet_baseline,96,adamw,8,5e-05,focal_dice,0.25,2.0,True,cosine,5,epochs,40,1,0.2594,0.4387,0.5816
baseline,unet_baseline,96,adamw,8,5e-05,focal_dice,0.25,2.0,True,cosine,5,epochs,40,2,0.2197,0.5,0.6414
baseline,unet_baseline,96,adamw,8,5e-05,focal_dice,0.25,2.0,True,cosine,5,epochs,40,3,0.2057,0.5181,0.6571
baseline,unet_baseline,96,adamw,8,5e-05,focal_dice,0.25,2.0,True,cosine,5,epochs,40,4,0.1966,0.5938,0.7215
baseline,unet_baseline,96,adamw,8,5e-05,focal_dice,0.25,2.0,True,cosine,5,epochs,40,5,0.1969,0.6168,0.7417
baseline,unet_baseline,96,adamw,8,5e-05,focal_dice,0.25,2.0,True,cosine,5,epochs,40,6,0.1841,0.5874,0.719
baseline,unet_baseline,96,adamw,8,5e-05,focal_dice,0.25,2.0,True,cosine,5,epochs,40,7,0.1856,0.5243,0.6617
baseline,unet_baseline,96,adamw,8,5e-05,focal_dice,0.25,2.0,True,cosine,5,epochs,40,8,0.1768,0.5742,0.7057
baseline,unet_baseline,96,adamw,8,5e-05,focal_dice,0.25,2.0,True,cosine,5,epochs,40,9,0.1692,0.6196,0.7436
baseline,unet_baseline,96,adamw,8,5e-05,focal_dice,0.25,2.0,True,cosine,5,epochs,40,10,0.1678,0.6425,0.7594
baseline,unet_baseline,96,adamw,8,5e-05,focal_dice,0.25,2.0,True,cosine,5,epochs,40,11,0.1599,0.6131,0.7391
baseline,unet_baseline,96,adamw,8,5e-05,focal_dice,0.25,2.0,True,cosine,5,epochs,40,12,0.1546,0.611,0.7349
baseline,unet_baseline,96,adamw,8,5e-05,focal_dice,0.25,2.0,True,cosine,5,epochs,40,13,0.1552,0.6354,0.7516
baseline,unet_baseline,96,adamw,8,5e-05,focal_dice,0.25,2.0,True,cosine,5,epochs,40,14,0.1517,0.6191,0.7408
baseline,unet_baseline,96,adamw,8,5e-05,focal_dice,0.25,2.0,True,cosine,5,epochs,40,15,0.1422,0.6029,0.7268
baseline,unet_baseline,96,adamw,8,5e-05,focal_dice,0.25,2.0,True,cosine,5,epochs,40,16,0.1383,0.6284,0.7507
baseline,unet_baseline,96,adamw,8,5e-05,focal_dice,0.25,2.0,True,cosine,5,epochs,40,17,0.1329,0.6256,0.7397
baseline,unet_baseline,96,adamw,8,5e-05,focal_dice,0.25,2.0,True,cosine,5,epochs,40,18,0.1339,0.6149,0.7414
baseline,unet_baseline,96,adamw,8,5e-05,focal_dice,0.25,2.0,True,cosine,5,epochs,40,19,0.1337,0.6427,0.7585
baseline,unet_baseline,96,adamw,8,5e-05,focal_dice,0.25,2.0,True,cosine,5,epochs,40,20,0.1301,0.5833,0.7115
baseline,unet_baseline,96,adamw,8,5e-05,focal_dice,0.25,2.0,True,cosine,5,epochs,40,21,0.1275,0.5881,0.7182
baseline,unet_baseline,96,adamw,8,5e-05,focal_dice,0.25,2.0,True,cosine,5,epochs,40,22,0.1221,0.612,0.7345
baseline,unet_baseline,96,adamw,8,5e-05,focal_dice,0.25,2.0,True,cosine,5,epochs,40,23,0.1155,0.6223,0.7485
baseline,unet_baseline,96,adamw,8,5e-05,focal_dice,0.25,2.0,True,cosine,5,epochs,40,24,0.1159,0.6274,0.7502
baseline,unet_baseline,96,adamw,8,5e-05,focal_dice,0.25,2.0,True,cosine,5,epochs,40,25,0.1114,0.5759,0.7069
baseline,unet_baseline,96,adamw,8,5e-05,focal_dice,0.25,2.0,True,cosine,5,epochs,40,26,0.1118,0.5758,0.7028
baseline,unet_baseline,96,adamw,8,5e-05,focal_dice,0.25,2.0,True,cosine,5,epochs,40,27,0.1075,0.6314,0.7521
baseline,unet_baseline,96,adamw,8,5e-05,focal_dice,0.25,2.0,True,cosine,5,epochs,40,28,0.1066,0.6407,0.7603
baseline,unet_baseline,96,adamw,8,5e-05,focal_dice,0.25,2.0,True,cosine,5,epochs,40,29,0.1035,0.622,0.7471
baseline,unet_baseline,96,adamw,8,5e-05,focal_dice,0.25,2.0,True,cosine,5,epochs,40,30,0.1029,0.6236,0.7462
baseline,unet_baseline,96,adamw,8,5e-05,focal_dice,0.25,2.0,True,cosine,5,epochs,40,31,0.0998,0.6316,0.7525
baseline,unet_baseline,96,adamw,8,5e-05,focal_dice,0.25,2.0,True,cosine,5,epochs,40,32,0.0951,0.6129,0.7386
baseline,unet_baseline,96,adamw,8,5e-05,focal_dice,0.25,2.0,True,cosine,5,epochs,40,33,0.0928,0.6247,0.7482
baseline,unet_baseline,96,adamw,8,5e-05,focal_dice,0.25,2.0,True,cosine,5,epochs,40,34,0.0937,0.6199,0.7444
baseline,unet_baseline,96,adamw,8,5e-05,focal_dice,0.25,2.0,True,cosine,5,epochs,40,35,0.0933,0.6121,0.738
baseline,unet_baseline,96,adamw,8,5e-05,focal_dice,0.25,2.0,True,cosine,5,epochs,40,36,0.0918,0.6204,0.745
baseline,unet_baseline,96,adamw,8,5e-05,focal_dice,0.25,2.0,True,cosine,5,epochs,40,37,0.0917,0.6261,0.7499
baseline,unet_baseline,96,adamw,8,5e-05,focal_dice,0.25,2.0,True,cosine,5,epochs,40,38,0.0892,0.6212,0.7456
baseline,unet_baseline,96,adamw,8,5e-05,focal_dice,0.25,2.0,True,cosine,5,epochs,40,39,0.0895,0.6225,0.7473
baseline,unet_baseline,96,adamw,8,5e-05,focal_dice,0.25,2.0,True,cosine,5,epochs,40,40,0.0884,0.6192,0.7449
baseline,unet_baseline,96,adamw,8,5e-05,focal_dice,0.25,2.0,True,cosine,5,epochs,60,1,0.25,0.4387,0.5816
baseline,unet_baseline,96,adamw,8,5e-05,focal_dice,0.25,2.0,True,cosine,5,epochs,60,2,0.2054,0.4938,0.6339
baseline,unet_baseline,96,adamw,8,5e-05,focal_dice,0.25,2.0,True,cosine,5,epochs,60,3,0.1996,0.601,0.728
baseline,unet_baseline,96,adamw,8,5e-05,focal_dice,0.25,2.0,True,cosine,5,epochs,60,4,0.196,0.54,0.6778
baseline,unet_baseline,96,adamw,8,5e-05,focal_dice,0.25,2.0,True,cosine,5,epochs,60,5,0.1903,0.4941,0.6344
baseline,unet_baseline,96,adamw,8,5e-05,focal_dice,0.25,2.0,True,cosine,5,epochs,60,6,0.186,0.5948,0.7225
baseline,unet_baseline,96,adamw,8,5e-05,focal_dice,0.25,2.0,True,cosine,5,epochs,60,7,0.1754,0.6139,0.7391
baseline,unet_baseline,96,adamw,8,5e-05,focal_dice,0.25,2.0,True,cosine,5,epochs,60,8,0.1799,0.5672,0.6986
baseline,unet_baseline,96,adamw,8,5e-05,focal_dice,0.25,2.0,True,cosine,5,epochs,60,9,0.1689,0.6225,0.7436
baseline,unet_baseline,96,adamw,8,5e-05,focal_dice,0.25,2.0,True,cosine,5,epochs,60,10,0.1639,0.618,0.7394
baseline,unet_baseline,96,adamw,8,5e-05,focal_dice,0.25,2.0,True,cosine,5,epochs,60,11,0.1625,0.6049,0.7308
baseline,unet_baseline,96,adamw,8,5e-05,focal_dice,0.25,2.0,True,cosine,5,epochs,60,12,0.1605,0.6166,0.7385
baseline,unet_baseline,96,adamw,8,5e-05,focal_dice,0.25,2.0,True,cosine,5,epochs,60,13,0.1516,0.6243,0.745
baseline,unet_baseline,96,adamw,8,5e-05,focal_dice,0.25,2.0,True,cosine,5,epochs,60,14,0.15,0.6272,0.7474
baseline,unet_baseline,96,adamw,8,5e-05,focal_dice,0.25,2.0,True,cosine,5,epochs,60,15,0.1474,0.6348,0.7517
baseline,unet_baseline,96,adamw,8,5e-05,focal_dice,0.25,2.0,True,cosine,5,epochs,60,16,0.1463,0.6462,0.7633
baseline,unet_baseline,96,adamw,8,5e-05,focal_dice,0.25,2.0,True,cosine,5,epochs,60,17,0.1342,0.621,0.7413
baseline,unet_baseline,96,adamw,8,5e-05,focal_dice,0.25,2.0,True,cosine,5,epochs,60,18,0.1333,0.6558,0.7723
baseline,unet_baseline,96,adamw,8,5e-05,focal_dice,0.25,2.0,True,cosine,5,epochs,60,19,0.1377,0.615,0.7335
baseline,unet_baseline,96,adamw,8,5e-05,focal_dice,0.25,2.0,True,cosine,5,epochs,60,20,0.1355,0.6388,0.7599
baseline,unet_baseline,96,adamw,8,5e-05,focal_dice,0.25,2.0,True,cosine,5,epochs,60,21,0.1247,0.6418,0.7617
baseline,unet_baseline,96,adamw,8,5e-05,focal_dice,0.25,2.0,True,cosine,5,epochs,60,22,0.1178,0.622,0.7432
baseline,unet_baseline,96,adamw,8,5e-05,focal_dice,0.25,2.0,True,cosine,5,epochs,60,23,0.1177,0.62,0.7391
baseline,unet_baseline,96,adamw,8,5e-05,focal_dice,0.25,2.0,True,cosine,5,epochs,60,24,0.1178,0.6387,0.7571
baseline,unet_baseline,96,adamw,8,5e-05,focal_dice,0.25,2.0,True,cosine,5,epochs,60,25,0.1104,0.6292,0.7492
baseline,unet_baseline,96,adamw,8,5e-05,focal_dice,0.25,2.0,True,cosine,5,epochs,60,26,0.1086,0.6248,0.7442
baseline,unet_baseline,96,adamw,8,5e-05,focal_dice,0.25,2.0,True,cosine,5,epochs,60,27,0.1045,0.6162,0.7384
baseline,unet_baseline,96,adamw,8,5e-05,focal_dice,0.25,2.0,True,cosine,5,epochs,60,28,0.1009,0.5936,0.7183
baseline,unet_baseline,96,adamw,8,5e-05,focal_dice,0.25,2.0,True,cosine,5,epochs,60,29,0.0969,0.6083,0.7309
baseline,unet_baseline,96,adamw,8,5e-05,focal_dice,0.25,2.0,True,cosine,5,epochs,60,30,0.0948,0.6443,0.7591
baseline,unet_baseline,96,adamw,8,5e-05,focal_dice,0.25,2.0,True,cosine,5,epochs,60,31,0.0942,0.643,0.7614
baseline,unet_baseline,96,adamw,8,5e-05,focal_dice,0.25,2.0,True,cosine,5,epochs,60,32,0.093,0.6401,0.7597
baseline,unet_baseline,96,adamw,8,5e-05,focal_dice,0.25,2.0,True,cosine,5,epochs,60,33,0.0887,0.626,0.7501
baseline,unet_baseline,96,adamw,8,5e-05,focal_dice,0.25,2.0,True,cosine,5,epochs,60,34,0.0857,0.652,0.7669
baseline,unet_baseline,96,adamw,8,5e-05,focal_dice,0.25,2.0,True,cosine,5,epochs,60,35,0.0847,0.6418,0.7634
baseline,unet_baseline,96,adamw,8,5e-05,focal_dice,0.25,2.0,True,cosine,5,epochs,60,36,0.0825,0.6329,0.7537
baseline,unet_baseline,96,adamw,8,5e-05,focal_dice,0.25,2.0,True,cosine,5,epochs,60,37,0.0793,0.63,0.7528
baseline,unet_baseline,96,adamw,8,5e-05,focal_dice,0.25,2.0,True,cosine,5,epochs,60,38,0.077,0.6551,0.7701
baseline,unet_baseline,96,adamw,8,5e-05,focal_dice,0.25,2.0,True,cosine,5,epochs,60,39,0.0755,0.6369,0.7593
baseline,unet_baseline,96,adamw,8,5e-05,focal_dice,0.25,2.0,True,cosine,5,epochs,60,40,0.074,0.6405,0.76
baseline,unet_baseline,96,adamw,8,5e-05,focal_dice,0.25,2.0,True,cosine,5,epochs,60,41,0.0727,0.654,0.7719
baseline,unet_baseline,96,adamw,8,5e-05,focal_dice,0.25,2.0,True,cosine,5,epochs,60,42,0.0695,0.6382,0.7603
baseline,unet_baseline,96,adamw,8,5e-05,focal_dice,0.25,2.0,True,cosine,5,epochs,60,43,0.0692,0.6551,0.772
baseline,unet_baseline,96,adamw,8,5e-05,focal_dice,0.25,2.0,True,cosine,5,epochs,60,44,0.0664,0.6561,0.7716
baseline,unet_baseline,96,adamw,8,5e-05,focal_dice,0.25,2.0,True,cosine,5,epochs,60,45,0.0652,0.6348,0.7583
baseline,unet_baseline,96,adamw,8,5e-05,focal_dice,0.25,2.0,True,cosine,5,epochs,60,46,0.0642,0.6485,0.7687
baseline,unet_baseline,96,adamw,8,5e-05,focal_dice,0.25,2.0,True,cosine,5,epochs,60,47,0.0613,0.6529,0.7711
baseline,unet_baseline,96,adamw,8,5e-05,focal_dice,0.25,2.0,True,cosine,5,epochs,60,48,0.0618,0.6553,0.7725
baseline,unet_baseline,96,adamw,8,5e-05,focal_dice,0.25,2.0,True,cosine,5,epochs,60,49,0.0601,0.6486,0.7683
baseline,unet_baseline,96,adamw,8,5e-05,focal_dice,0.25,2.0,True,cosine,5,epochs,60,50,0.0603,0.6562,0.7747
baseline,unet_baseline,96,adamw,8,5e-05,focal_dice,0.25,2.0,True,cosine,5,epochs,60,51,0.0585,0.6495,0.7695
baseline,unet_baseline,96,adamw,8,5e-05,focal_dice,0.25,2.0,True,cosine,5,epochs,60,52,0.0589,0.6496,0.7695
baseline,unet_baseline,96,adamw,8,5e-05,focal_dice,0.25,2.0,True,cosine,5,epochs,60,53,0.059,0.6566,0.7736
baseline,unet_baseline,96,adamw,8,5e-05,focal_dice,0.25,2.0,True,cosine,5,epochs,60,54,0.0609,0.6535,0.7726
baseline,unet_baseline,96,adamw,8,5e-05,focal_dice,0.25,2.0,True,cosine,5,epochs,60,55,0.0561,0.6514,0.7706
baseline,unet_baseline,96,adamw,8,5e-05,focal_dice,0.25,2.0,True,cosine,5,epochs,60,56,0.058,0.648,0.768
baseline,unet_baseline,96,adamw,8,5e-05,focal_dice,0.25,2.0,True,cosine,5,epochs,60,57,0.0548,0.6507,0.7698
baseline,unet_baseline,96,adamw,8,5e-05,focal_dice,0.25,2.0,True,cosine,5,epochs,60,58,0.0556,0.6505,0.7697
baseline,unet_baseline,96,adamw,8,5e-05,focal_dice,0.25,2.0,True,cosine,5,epochs,60,59,0.0568,0.6523,0.7711
baseline,unet_baseline,96,adamw,8,5e-05,focal_dice,0.25,2.0,True,cosine,5,epochs,60,60,0.0563,0.6513,0.7706
baseline,unet_baseline,96,adamw,8,5e-05,focal_dice,0.25,2.0,True,cosine,5,epochs,80,1,0.2455,0.4392,0.582
baseline,unet_baseline,96,adamw,8,5e-05,focal_dice,0.25,2.0,True,cosine,5,epochs,80,2,0.2066,0.5514,0.6868
baseline,unet_baseline,96,adamw,8,5e-05,focal_dice,0.25,2.0,True,cosine,5,epochs,80,3,0.1956,0.5886,0.717
baseline,unet_baseline,96,adamw,8,5e-05,focal_dice,0.25,2.0,True,cosine,5,epochs,80,4,0.1911,0.5439,0.6792
baseline,unet_baseline,96,adamw,8,5e-05,focal_dice,0.25,2.0,True,cosine,5,epochs,80,5,0.1878,0.5906,0.719
baseline,unet_baseline,96,adamw,8,5e-05,focal_dice,0.25,2.0,True,cosine,5,epochs,80,6,0.1794,0.5718,0.705
baseline,unet_baseline,96,adamw,8,5e-05,focal_dice,0.25,2.0,True,cosine,5,epochs,80,7,0.1783,0.6157,0.7394
baseline,unet_baseline,96,adamw,8,5e-05,focal_dice,0.25,2.0,True,cosine,5,epochs,80,8,0.1715,0.5927,0.7204
baseline,unet_baseline,96,adamw,8,5e-05,focal_dice,0.25,2.0,True,cosine,5,epochs,80,9,0.1684,0.6059,0.7303
baseline,unet_baseline,96,adamw,8,5e-05,focal_dice,0.25,2.0,True,cosine,5,epochs,80,10,0.1627,0.5936,0.7204
baseline,unet_baseline,96,adamw,8,5e-05,focal_dice,0.25,2.0,True,cosine,5,epochs,80,11,0.1617,0.6415,0.7537
baseline,unet_baseline,96,adamw,8,5e-05,focal_dice,0.25,2.0,True,cosine,5,epochs,80,12,0.1582,0.6313,0.7515
baseline,unet_baseline,96,adamw,8,5e-05,focal_dice,0.25,2.0,True,cosine,5,epochs,80,13,0.1558,0.5749,0.7033
baseline,unet_baseline,96,adamw,8,5e-05,focal_dice,0.25,2.0,True,cosine,5,epochs,80,14,0.1499,0.605,0.7294
baseline,unet_baseline,96,adamw,8,5e-05,focal_dice,0.25,2.0,True,cosine,5,epochs,80,15,0.1481,0.6036,0.7277
baseline,unet_baseline,96,adamw,8,5e-05,focal_dice,0.25,2.0,True,cosine,5,epochs,80,16,0.1425,0.6214,0.7407
baseline,unet_baseline,96,adamw,8,5e-05,focal_dice,0.25,2.0,True,cosine,5,epochs,80,17,0.1423,0.6126,0.7336
baseline,unet_baseline,96,adamw,8,5e-05,focal_dice,0.25,2.0,True,cosine,5,epochs,80,18,0.1385,0.6191,0.7421
baseline,unet_baseline,96,adamw,8,5e-05,focal_dice,0.25,2.0,True,cosine,5,epochs,80,19,0.1381,0.6324,0.7505
baseline,unet_baseline,96,adamw,8,5e-05,focal_dice,0.25,2.0,True,cosine,5,epochs,80,20,0.1296,0.6349,0.7532
baseline,unet_baseline,96,adamw,8,5e-05,focal_dice,0.25,2.0,True,cosine,5,epochs,80,21,0.134,0.5897,0.7196
baseline,unet_baseline,96,adamw,8,5e-05,focal_dice,0.25,2.0,True,cosine,5,epochs,80,22,0.1251,0.612,0.73
baseline,unet_baseline,96,adamw,8,5e-05,focal_dice,0.25,2.0,True,cosine,5,epochs,80,23,0.1201,0.6029,0.7289
baseline,unet_baseline,96,adamw,8,5e-05,focal_dice,0.25,2.0,True,cosine,5,epochs,80,24,0.1163,0.6042,0.7285
baseline,unet_baseline,96,adamw,8,5e-05,focal_dice,0.25,2.0,True,cosine,5,epochs,80,25,0.1191,0.633,0.7492
baseline,unet_baseline,96,adamw,8,5e-05,focal_dice,0.25,2.0,True,cosine,5,epochs,80,26,0.1094,0.6331,0.7528
baseline,unet_baseline,96,adamw,8,5e-05,focal_dice,0.25,2.0,True,cosine,5,epochs,80,27,0.1098,0.596,0.7208
baseline,unet_baseline,96,adamw,8,5e-05,focal_dice,0.25,2.0,True,cosine,5,epochs,80,28,0.1037,0.6187,0.739
baseline,unet_baseline,96,adamw,8,5e-05,focal_dice,0.25,2.0,True,cosine,5,epochs,80,29,0.0999,0.5857,0.7155
baseline,unet_baseline,96,adamw,8,5e-05,focal_dice,0.25,2.0,True,cosine,5,epochs,80,30,0.0973,0.6102,0.736
baseline,unet_baseline,96,adamw,8,5e-05,focal_dice,0.25,2.0,True,cosine,5,epochs,80,31,0.0987,0.6005,0.724
baseline,unet_baseline,96,adamw,8,5e-05,focal_dice,0.25,2.0,True,cosine,5,epochs,80,32,0.1045,0.6476,0.7647
baseline,unet_baseline,96,adamw,8,5e-05,focal_dice,0.25,2.0,True,cosine,5,epochs,80,33,0.0955,0.6181,0.7419
baseline,unet_baseline,96,adamw,8,5e-05,focal_dice,0.25,2.0,True,cosine,5,epochs,80,34,0.0908,0.5968,0.7262
baseline,unet_baseline,96,adamw,8,5e-05,focal_dice,0.25,2.0,True,cosine,5,epochs,80,35,0.0885,0.6187,0.7403
baseline,unet_baseline,96,adamw,8,5e-05,focal_dice,0.25,2.0,True,cosine,5,epochs,80,36,0.0882,0.612,0.7375
baseline,unet_baseline,96,adamw,8,5e-05,focal_dice,0.25,2.0,True,cosine,5,epochs,80,37,0.0864,0.6121,0.7355
baseline,unet_baseline,96,adamw,8,5e-05,focal_dice,0.25,2.0,True,cosine,5,epochs,80,38,0.0813,0.6058,0.7329
baseline,unet_baseline,96,adamw,8,5e-05,focal_dice,0.25,2.0,True,cosine,5,epochs,80,39,0.0794,0.6249,0.7474
baseline,unet_baseline,96,adamw,8,5e-05,focal_dice,0.25,2.0,True,cosine,5,epochs,80,40,0.0765,0.6218,0.7445
baseline,unet_baseline,96,adamw,8,5e-05,focal_dice,0.25,2.0,True,cosine,5,epochs,80,41,0.075,0.6232,0.747
baseline,unet_baseline,96,adamw,8,5e-05,focal_dice,0.25,2.0,True,cosine,5,epochs,80,42,0.0748,0.5723,0.7054
baseline,unet_baseline,96,adamw,8,5e-05,focal_dice,0.25,2.0,True,cosine,5,epochs,80,43,0.0705,0.631,0.7524
baseline,unet_baseline,96,adamw,8,5e-05,focal_dice,0.25,2.0,True,cosine,5,epochs,80,44,0.0693,0.5452,0.6767
baseline,unet_baseline,96,adamw,8,5e-05,focal_dice,0.25,2.0,True,cosine,5,epochs,80,45,0.0666,0.6067,0.735
baseline,unet_baseline,96,adamw,8,5e-05,focal_dice,0.25,2.0,True,cosine,5,epochs,80,46,0.0678,0.6094,0.7351
baseline,unet_baseline,96,adamw,8,5e-05,focal_dice,0.25,2.0,True,cosine,5,epochs,80,47,0.0655,0.6229,0.7478
baseline,unet_baseline,96,adamw,8,5e-05,focal_dice,0.25,2.0,True,cosine,5,epochs,80,48,0.0615,0.6082,0.7348
baseline,unet_baseline,96,adamw,8,5e-05,focal_dice,0.25,2.0,True,cosine,5,epochs,80,49,0.0584,0.615,0.74
baseline,unet_baseline,96,adamw,8,5e-05,focal_dice,0.25,2.0,True,cosine,5,epochs,80,50,0.0578,0.6204,0.7429
baseline,unet_baseline,96,adamw,8,5e-05,focal_dice,0.25,2.0,True,cosine,5,epochs,80,51,0.0549,0.6119,0.7366
baseline,unet_baseline,96,adamw,8,5e-05,focal_dice,0.25,2.0,True,cosine,5,epochs,80,52,0.0548,0.6159,0.7415
baseline,unet_baseline,96,adamw,8,5e-05,focal_dice,0.25,2.0,True,cosine,5,epochs,80,53,0.0534,0.6069,0.7341
baseline,unet_baseline,96,adamw,8,5e-05,focal_dice,0.25,2.0,True,cosine,5,epochs,80,54,0.0518,0.6226,0.7469
baseline,unet_baseline,96,adamw,8,5e-05,focal_dice,0.25,2.0,True,cosine,5,epochs,80,55,0.0492,0.625,0.7494
baseline,unet_baseline,96,adamw,8,5e-05,focal_dice,0.25,2.0,True,cosine,5,epochs,80,56,0.0485,0.6173,0.7412
baseline,unet_baseline,96,adamw,8,5e-05,focal_dice,0.25,2.0,True,cosine,5,epochs,80,57,0.0466,0.6227,0.7472
baseline,unet_baseline,96,adamw,8,5e-05,focal_dice,0.25,2.0,True,cosine,5,epochs,80,58,0.0459,0.6238,0.7484
baseline,unet_baseline,96,adamw,8,5e-05,focal_dice,0.25,2.0,True,cosine,5,epochs,80,59,0.0468,0.6174,0.7426
baseline,unet_baseline,96,adamw,8,5e-05,focal_dice,0.25,2.0,True,cosine,5,epochs,80,60,0.046,0.6192,0.7446
baseline,unet_baseline,96,adamw,8,5e-05,focal_dice,0.25,2.0,True,cosine,5,epochs,80,61,0.046,0.6266,0.7501
baseline,unet_baseline,96,adamw,8,5e-05,focal_dice,0.25,2.0,True,cosine,5,epochs,80,62,0.0445,0.6217,0.7463
baseline,unet_baseline,96,adamw,8,5e-05,focal_dice,0.25,2.0,True,cosine,5,epochs,80,63,0.043,0.6148,0.7396
baseline,unet_baseline,96,adamw,8,5e-05,focal_dice,0.25,2.0,True,cosine,5,epochs,80,64,0.0427,0.6257,0.7495
baseline,unet_baseline,96,adamw,8,5e-05,focal_dice,0.25,2.0,True,cosine,5,epochs,80,65,0.0439,0.6176,0.743
baseline,unet_baseline,96,adamw,8,5e-05,focal_dice,0.25,2.0,True,cosine,5,epochs,80,66,0.0407,0.6322,0.7549
baseline,unet_baseline,96,adamw,8,5e-05,focal_dice,0.25,2.0,True,cosine,5,epochs,80,67,0.0416,0.6337,0.7564
baseline,unet_baseline,96,adamw,8,5e-05,focal_dice,0.25,2.0,True,cosine,5,epochs,80,68,0.0408,0.6301,0.7531
baseline,unet_baseline,96,adamw,8,5e-05,focal_dice,0.25,2.0,True,cosine,5,epochs,80,69,0.042,0.6286,0.753
baseline,unet_baseline,96,adamw,8,5e-05,focal_dice,0.25,2.0,True,cosine,5,epochs,80,70,0.0398,0.6099,0.7358
baseline,unet_baseline,96,adamw,8,5e-05,focal_dice,0.25,2.0,True,cosine,5,epochs,80,71,0.0387,0.618,0.7433
baseline,unet_baseline,96,adamw,8,5e-05,focal_dice,0.25,2.0,True,cosine,5,epochs,80,72,0.0388,0.6195,0.7447
baseline,unet_baseline,96,adamw,8,5e-05,focal_dice,0.25,2.0,True,cosine,5,epochs,80,73,0.0402,0.627,0.7515
baseline,unet_baseline,96,adamw,8,5e-05,focal_dice,0.25,2.0,True,cosine,5,epochs,80,74,0.0382,0.6231,0.7477
baseline,unet_baseline,96,adamw,8,5e-05,focal_dice,0.25,2.0,True,cosine,5,epochs,80,75,0.0377,0.6241,0.7487
baseline,unet_baseline,96,adamw,8,5e-05,focal_dice,0.25,2.0,True,cosine,5,epochs,80,76,0.0387,0.6264,0.7502
baseline,unet_baseline,96,adamw,8,5e-05,focal_dice,0.25,2.0,True,cosine,5,epochs,80,77,0.0377,0.6251,0.7486
baseline,unet_baseline,96,adamw,8,5e-05,focal_dice,0.25,2.0,True,cosine,5,epochs,80,78,0.0393,0.6229,0.7472
baseline,unet_baseline,96,adamw,8,5e-05,focal_dice,0.25,2.0,True,cosine,5,epochs,80,79,0.0376,0.6237,0.7478
baseline,unet_baseline,96,adamw,8,5e-05,focal_dice,0.25,2.0,True,cosine,5,epochs,80,80,0.038,0.6252,0.7494
baseline,unet_baseline,96,adamw,8,5e-05,focal_dice,0.25,2.0,True,cosine,5,epochs,100,1,0.2439,0.4388,0.5817
baseline,unet_baseline,96,adamw,8,5e-05,focal_dice,0.25,2.0,True,cosine,5,epochs,100,2,0.2041,0.5088,0.6481
baseline,unet_baseline,96,adamw,8,5e-05,focal_dice,0.25,2.0,True,cosine,5,epochs,100,3,0.1905,0.6021,0.7294
baseline,unet_baseline,96,adamw,8,5e-05,focal_dice,0.25,2.0,True,cosine,5,epochs,100,4,0.1842,0.5724,0.7054
baseline,unet_baseline,96,adamw,8,5e-05,focal_dice,0.25,2.0,True,cosine,5,epochs,100,5,0.1841,0.6275,0.7437
baseline,unet_baseline,96,adamw,8,5e-05,focal_dice,0.25,2.0,True,cosine,5,epochs,100,6,0.1911,0.6008,0.7276
baseline,unet_baseline,96,adamw,8,5e-05,focal_dice,0.25,2.0,True,cosine,5,epochs,100,7,0.175,0.5876,0.7135
baseline,unet_baseline,96,adamw,8,5e-05,focal_dice,0.25,2.0,True,cosine,5,epochs,100,8,0.1681,0.5853,0.7135
baseline,unet_baseline,96,adamw,8,5e-05,focal_dice,0.25,2.0,True,cosine,5,epochs,100,9,0.1679,0.6332,0.7552
baseline,unet_baseline,96,adamw,8,5e-05,focal_dice,0.25,2.0,True,cosine,5,epochs,100,10,0.1679,0.5923,0.7218
baseline,unet_baseline,96,adamw,8,5e-05,focal_dice,0.25,2.0,True,cosine,5,epochs,100,11,0.1596,0.6237,0.742
baseline,unet_baseline,96,adamw,8,5e-05,focal_dice,0.25,2.0,True,cosine,5,epochs,100,12,0.1619,0.6249,0.747
baseline,unet_baseline,96,adamw,8,5e-05,focal_dice,0.25,2.0,True,cosine,5,epochs,100,13,0.152,0.619,0.7407
baseline,unet_baseline,96,adamw,8,5e-05,focal_dice,0.25,2.0,True,cosine,5,epochs,100,14,0.1499,0.5945,0.7161
baseline,unet_baseline,96,adamw,8,5e-05,focal_dice,0.25,2.0,True,cosine,5,epochs,100,15,0.1474,0.6238,0.7399
baseline,unet_baseline,96,adamw,8,5e-05,focal_dice,0.25,2.0,True,cosine,5,epochs,100,16,0.1516,0.599,0.7234
baseline,unet_baseline,96,adamw,8,5e-05,focal_dice,0.25,2.0,True,cosine,5,epochs,100,17,0.1428,0.6226,0.7459
baseline,unet_baseline,96,adamw,8,5e-05,focal_dice,0.25,2.0,True,cosine,5,epochs,100,18,0.137,0.6275,0.7512
baseline,unet_baseline,96,adamw,8,5e-05,focal_dice,0.25,2.0,True,cosine,5,epochs,100,19,0.1306,0.607,0.7327
baseline,unet_baseline,96,adamw,8,5e-05,focal_dice,0.25,2.0,True,cosine,5,epochs,100,20,0.1324,0.6183,0.7419
baseline,unet_baseline,96,adamw,8,5e-05,focal_dice,0.25,2.0,True,cosine,5,epochs,100,21,0.1309,0.6261,0.744
baseline,unet_baseline,96,adamw,8,5e-05,focal_dice,0.25,2.0,True,cosine,5,epochs,100,22,0.1262,0.6192,0.7421
baseline,unet_baseline,96,adamw,8,5e-05,focal_dice,0.25,2.0,True,cosine,5,epochs,100,23,0.1338,0.6298,0.7492
baseline,unet_baseline,96,adamw,8,5e-05,focal_dice,0.25,2.0,True,cosine,5,epochs,100,24,0.123,0.661,0.7757
baseline,unet_baseline,96,adamw,8,5e-05,focal_dice,0.25,2.0,True,cosine,5,epochs,100,25,0.1154,0.6278,0.7462
baseline,unet_baseline,96,adamw,8,5e-05,focal_dice,0.25,2.0,True,cosine,5,epochs,100,26,0.1133,0.5997,0.7291
baseline,unet_baseline,96,adamw,8,5e-05,focal_dice,0.25,2.0,True,cosine,5,epochs,100,27,0.1099,0.624,0.7437
baseline,unet_baseline,96,adamw,8,5e-05,focal_dice,0.25,2.0,True,cosine,5,epochs,100,28,0.1095,0.6049,0.7304
baseline,unet_baseline,96,adamw,8,5e-05,focal_dice,0.25,2.0,True,cosine,5,epochs,100,29,0.1038,0.5966,0.7232
baseline,unet_baseline,96,adamw,8,5e-05,focal_dice,0.25,2.0,True,cosine,5,epochs,100,30,0.1025,0.6006,0.7283
baseline,unet_baseline,96,adamw,8,5e-05,focal_dice,0.25,2.0,True,cosine,5,epochs,100,31,0.1017,0.6007,0.7278
baseline,unet_baseline,96,adamw,8,5e-05,focal_dice,0.25,2.0,True,cosine,5,epochs,100,32,0.1003,0.622,0.7433
baseline,unet_baseline,96,adamw,8,5e-05,focal_dice,0.25,2.0,True,cosine,5,epochs,100,33,0.1037,0.6186,0.7342
baseline,unet_baseline,96,adamw,8,5e-05,focal_dice,0.25,2.0,True,cosine,5,epochs,100,34,0.099,0.6446,0.7639
baseline,unet_baseline,96,adamw,8,5e-05,focal_dice,0.25,2.0,True,cosine,5,epochs,100,35,0.0914,0.6035,0.7305
baseline,unet_baseline,96,adamw,8,5e-05,focal_dice,0.25,2.0,True,cosine,5,epochs,100,36,0.0894,0.6177,0.7407
baseline,unet_baseline,96,adamw,8,5e-05,focal_dice,0.25,2.0,True,cosine,5,epochs,100,37,0.0844,0.6219,0.7426
baseline,unet_baseline,96,adamw,8,5e-05,focal_dice,0.25,2.0,True,cosine,5,epochs,100,38,0.0832,0.6281,0.7512
baseline,unet_baseline,96,adamw,8,5e-05,focal_dice,0.25,2.0,True,cosine,5,epochs,100,39,0.0794,0.641,0.7583
baseline,unet_baseline,96,adamw,8,5e-05,focal_dice,0.25,2.0,True,cosine,5,epochs,100,40,0.0788,0.6291,0.7517
baseline,unet_baseline,96,adamw,8,5e-05,focal_dice,0.25,2.0,True,cosine,5,epochs,100,41,0.0754,0.63,0.7511
baseline,unet_baseline,96,adamw,8,5e-05,focal_dice,0.25,2.0,True,cosine,5,epochs,100,42,0.0731,0.6387,0.7539
baseline,unet_baseline,96,adamw,8,5e-05,focal_dice,0.25,2.0,True,cosine,5,epochs,100,43,0.0737,0.6297,0.7514
baseline,unet_baseline,96,adamw,8,5e-05,focal_dice,0.25,2.0,True,cosine,5,epochs,100,44,0.0713,0.618,0.7445
baseline,unet_baseline,96,adamw,8,5e-05,focal_dice,0.25,2.0,True,cosine,5,epochs,100,45,0.071,0.6261,0.7477
baseline,unet_baseline,96,adamw,8,5e-05,focal_dice,0.25,2.0,True,cosine,5,epochs,100,46,0.0699,0.6231,0.7474
baseline,unet_baseline,96,adamw,8,5e-05,focal_dice,0.25,2.0,True,cosine,5,epochs,100,47,0.0662,0.6449,0.7628
baseline,unet_baseline,96,adamw,8,5e-05,focal_dice,0.25,2.0,True,cosine,5,epochs,100,48,0.0657,0.6316,0.7522
baseline,unet_baseline,96,adamw,8,5e-05,focal_dice,0.25,2.0,True,cosine,5,epochs,100,49,0.062,0.63,0.7538
baseline,unet_baseline,96,adamw,8,5e-05,focal_dice,0.25,2.0,True,cosine,5,epochs,100,50,0.0587,0.6299,0.7519
baseline,unet_baseline,96,adamw,8,5e-05,focal_dice,0.25,2.0,True,cosine,5,epochs,100,51,0.0579,0.6487,0.766
baseline,unet_baseline,96,adamw,8,5e-05,focal_dice,0.25,2.0,True,cosine,5,epochs,100,52,0.0566,0.638,0.7595
baseline,unet_baseline,96,adamw,8,5e-05,focal_dice,0.25,2.0,True,cosine,5,epochs,100,53,0.0562,0.6349,0.7498
baseline,unet_baseline,96,adamw,8,5e-05,focal_dice,0.25,2.0,True,cosine,5,epochs,100,54,0.0559,0.6301,0.7474
baseline,unet_baseline,96,adamw,8,5e-05,focal_dice,0.25,2.0,True,cosine,5,epochs,100,55,0.052,0.6326,0.7502
baseline,unet_baseline,96,adamw,8,5e-05,focal_dice,0.25,2.0,True,cosine,5,epochs,100,56,0.0487,0.6359,0.7569
baseline,unet_baseline,96,adamw,8,5e-05,focal_dice,0.25,2.0,True,cosine,5,epochs,100,57,0.0487,0.6141,0.7391
baseline,unet_baseline,96,adamw,8,5e-05,focal_dice,0.25,2.0,True,cosine,5,epochs,100,58,0.0487,0.6236,0.7471
baseline,unet_baseline,96,adamw,8,5e-05,focal_dice,0.25,2.0,True,cosine,5,epochs,100,59,0.0467,0.6287,0.7461
baseline,unet_baseline,96,adamw,8,5e-05,focal_dice,0.25,2.0,True,cosine,5,epochs,100,60,0.0444,0.6381,0.7591
baseline,unet_baseline,96,adamw,8,5e-05,focal_dice,0.25,2.0,True,cosine,5,epochs,100,61,0.0451,0.6299,0.7529
baseline,unet_baseline,96,adamw,8,5e-05,focal_dice,0.25,2.0,True,cosine,5,epochs,100,62,0.0433,0.6235,0.7472
baseline,unet_baseline,96,adamw,8,5e-05,focal_dice,0.25,2.0,True,cosine,5,epochs,100,63,0.0434,0.6426,0.7616
baseline,unet_baseline,96,adamw,8,5e-05,focal_dice,0.25,2.0,True,cosine,5,epochs,100,64,0.0392,0.6341,0.7559
baseline,unet_baseline,96,adamw,8,5e-05,focal_dice,0.25,2.0,True,cosine,5,epochs,100,65,0.039,0.6338,0.7557
baseline,unet_baseline,96,adamw,8,5e-05,focal_dice,0.25,2.0,True,cosine,5,epochs,100,66,0.0403,0.6331,0.7557
baseline,unet_baseline,96,adamw,8,5e-05,focal_dice,0.25,2.0,True,cosine,5,epochs,100,67,0.0377,0.6429,0.7624
baseline,unet_baseline,96,adamw,8,5e-05,focal_dice,0.25,2.0,True,cosine,5,epochs,100,68,0.0362,0.6332,0.755
baseline,unet_baseline,96,adamw,8,5e-05,focal_dice,0.25,2.0,True,cosine,5,epochs,100,69,0.0375,0.6317,0.7536
baseline,unet_baseline,96,adamw,8,5e-05,focal_dice,0.25,2.0,True,cosine,5,epochs,100,70,0.0349,0.6412,0.7622
baseline,unet_baseline,96,adamw,8,5e-05,focal_dice,0.25,2.0,True,cosine,5,epochs,100,71,0.0357,0.6358,0.7575
baseline,unet_baseline,96,adamw,8,5e-05,focal_dice,0.25,2.0,True,cosine,5,epochs,100,72,0.0358,0.6266,0.7479
baseline,unet_baseline,96,adamw,8,5e-05,focal_dice,0.25,2.0,True,cosine,5,epochs,100,73,0.0341,0.6423,0.7623
baseline,unet_baseline,96,adamw,8,5e-05,focal_dice,0.25,2.0,True,cosine,5,epochs,100,74,0.0323,0.6409,0.7609
baseline,unet_baseline,96,adamw,8,5e-05,focal_dice,0.25,2.0,True,cosine,5,epochs,100,75,0.0346,0.6453,0.7638
baseline,unet_baseline,96,adamw,8,5e-05,focal_dice,0.25,2.0,True,cosine,5,epochs,100,76,0.0324,0.6243,0.7492
baseline,unet_baseline,96,adamw,8,5e-05,focal_dice,0.25,2.0,True,cosine,5,epochs,100,77,0.0337,0.6415,0.7618
baseline,unet_baseline,96,adamw,8,5e-05,focal_dice,0.25,2.0,True,cosine,5,epochs,100,78,0.0324,0.6368,0.7581
baseline,unet_baseline,96,adamw,8,5e-05,focal_dice,0.25,2.0,True,cosine,5,epochs,100,79,0.0309,0.6407,0.7608
baseline,unet_baseline,96,adamw,8,5e-05,focal_dice,0.25,2.0,True,cosine,5,epochs,100,80,0.0306,0.6358,0.7573
baseline,unet_baseline,96,adamw,8,5e-05,focal_dice,0.25,2.0,True,cosine,5,epochs,100,81,0.0326,0.6379,0.7598
baseline,unet_baseline,96,adamw,8,5e-05,focal_dice,0.25,2.0,True,cosine,5,epochs,100,82,0.0306,0.6335,0.7555
baseline,unet_baseline,96,adamw,8,5e-05,focal_dice,0.25,2.0,True,cosine,5,epochs,100,83,0.0287,0.6361,0.7576
baseline,unet_baseline,96,adamw,8,5e-05,focal_dice,0.25,2.0,True,cosine,5,epochs,100,84,0.0302,0.6359,0.7578
baseline,unet_baseline,96,adamw,8,5e-05,focal_dice,0.25,2.0,True,cosine,5,epochs,100,85,0.0295,0.635,0.7572
baseline,unet_baseline,96,adamw,8,5e-05,focal_dice,0.25,2.0,True,cosine,5,epochs,100,86,0.0289,0.6373,0.7582
baseline,unet_baseline,96,adamw,8,5e-05,focal_dice,0.25,2.0,True,cosine,5,epochs,100,87,0.0313,0.6348,0.7564
baseline,unet_baseline,96,adamw,8,5e-05,focal_dice,0.25,2.0,True,cosine,5,epochs,100,88,0.0297,0.6385,0.7599
baseline,unet_baseline,96,adamw,8,5e-05,focal_dice,0.25,2.0,True,cosine,5,epochs,100,89,0.0282,0.64,0.7609
baseline,unet_baseline,96,adamw,8,5e-05,focal_dice,0.25,2.0,True,cosine,5,epochs,100,90,0.0272,0.6365,0.7581
baseline,unet_baseline,96,adamw,8,5e-05,focal_dice,0.25,2.0,True,cosine,5,epochs,100,91,0.0291,0.6396,0.7604
baseline,unet_baseline,96,adamw,8,5e-05,focal_dice,0.25,2.0,True,cosine,5,epochs,100,92,0.0281,0.64,0.7608
baseline,unet_baseline,96,adamw,8,5e-05,focal_dice,0.25,2.0,True,cosine,5,epochs,100,93,0.0286,0.6359,0.7576
baseline,unet_baseline,96,adamw,8,5e-05,focal_dice,0.25,2.0,True,cosine,5,epochs,100,94,0.0284,0.6332,0.7538
baseline,unet_baseline,96,adamw,8,5e-05,focal_dice,0.25,2.0,True,cosine,5,epochs,100,95,0.0283,0.6366,0.7565
baseline,unet_baseline,96,adamw,8,5e-05,focal_dice,0.25,2.0,True,cosine,5,epochs,100,96,0.0273,0.6322,0.7538
baseline,unet_baseline,96,adamw,8,5e-05,focal_dice,0.25,2.0,True,cosine,5,epochs,100,97,0.0273,0.6312,0.7528
baseline,unet_baseline,96,adamw,8,5e-05,focal_dice,0.25,2.0,True,cosine,5,epochs,100,98,0.0285,0.6399,0.7604
baseline,unet_baseline,96,adamw,8,5e-05,focal_dice,0.25,2.0,True,cosine,5,epochs,100,99,0.0287,0.6357,0.7574
baseline,unet_baseline,96,adamw,8,5e-05,focal_dice,0.25,2.0,True,cosine,5,epochs,100,100,0.0294,0.6368,0.7589
baseline,unet_baseline,96,adamw,8,5e-05,focal_dice,0.25,2.0,True,cosine,5,epochs,120,1,0.2415,0.4391,0.582
baseline,unet_baseline,96,adamw,8,5e-05,focal_dice,0.25,2.0,True,cosine,5,epochs,120,2,0.1933,0.5681,0.7011
baseline,unet_baseline,96,adamw,8,5e-05,focal_dice,0.25,2.0,True,cosine,5,epochs,120,3,0.194,0.5718,0.7049
baseline,unet_baseline,96,adamw,8,5e-05,focal_dice,0.25,2.0,True,cosine,5,epochs,120,4,0.1838,0.5753,0.707
baseline,unet_baseline,96,adamw,8,5e-05,focal_dice,0.25,2.0,True,cosine,5,epochs,120,5,0.1802,0.5964,0.725
baseline,unet_baseline,96,adamw,8,5e-05,focal_dice,0.25,2.0,True,cosine,5,epochs,120,6,0.1753,0.5576,0.692
baseline,unet_baseline,96,adamw,8,5e-05,focal_dice,0.25,2.0,True,cosine,5,epochs,120,7,0.1642,0.6045,0.7273
baseline,unet_baseline,96,adamw,8,5e-05,focal_dice,0.25,2.0,True,cosine,5,epochs,120,8,0.1614,0.5528,0.6875
baseline,unet_baseline,96,adamw,8,5e-05,focal_dice,0.25,2.0,True,cosine,5,epochs,120,9,0.1703,0.6285,0.7498
baseline,unet_baseline,96,adamw,8,5e-05,focal_dice,0.25,2.0,True,cosine,5,epochs,120,10,0.1575,0.6018,0.7265
baseline,unet_baseline,96,adamw,8,5e-05,focal_dice,0.25,2.0,True,cosine,5,epochs,120,11,0.1543,0.6358,0.752
baseline,unet_baseline,96,adamw,8,5e-05,focal_dice,0.25,2.0,True,cosine,5,epochs,120,12,0.1521,0.6191,0.7385
baseline,unet_baseline,96,adamw,8,5e-05,focal_dice,0.25,2.0,True,cosine,5,epochs,120,13,0.1468,0.6306,0.7508
baseline,unet_baseline,96,adamw,8,5e-05,focal_dice,0.25,2.0,True,cosine,5,epochs,120,14,0.1423,0.61,0.7337
baseline,unet_baseline,96,adamw,8,5e-05,focal_dice,0.25,2.0,True,cosine,5,epochs,120,15,0.1438,0.5922,0.7198
baseline,unet_baseline,96,adamw,8,5e-05,focal_dice,0.25,2.0,True,cosine,5,epochs,120,16,0.1392,0.6115,0.7349
baseline,unet_baseline,96,adamw,8,5e-05,focal_dice,0.25,2.0,True,cosine,5,epochs,120,17,0.1334,0.63,0.7479
baseline,unet_baseline,96,adamw,8,5e-05,focal_dice,0.25,2.0,True,cosine,5,epochs,120,18,0.1305,0.6103,0.7354
baseline,unet_baseline,96,adamw,8,5e-05,focal_dice,0.25,2.0,True,cosine,5,epochs,120,19,0.1368,0.6345,0.749
baseline,unet_baseline,96,adamw,8,5e-05,focal_dice,0.25,2.0,True,cosine,5,epochs,120,20,0.1317,0.6011,0.7197
baseline,unet_baseline,96,adamw,8,5e-05,focal_dice,0.25,2.0,True,cosine,5,epochs,120,21,0.1232,0.6405,0.7606
baseline,unet_baseline,96,adamw,8,5e-05,focal_dice,0.25,2.0,True,cosine,5,epochs,120,22,0.1253,0.6477,0.7677
baseline,unet_baseline,96,adamw,8,5e-05,focal_dice,0.25,2.0,True,cosine,5,epochs,120,23,0.1215,0.5709,0.7032
baseline,unet_baseline,96,adamw,8,5e-05,focal_dice,0.25,2.0,True,cosine,5,epochs,120,24,0.1198,0.6446,0.7606
baseline,unet_baseline,96,adamw,8,5e-05,focal_dice,0.25,2.0,True,cosine,5,epochs,120,25,0.1163,0.6397,0.7559
baseline,unet_baseline,96,adamw,8,5e-05,focal_dice,0.25,2.0,True,cosine,5,epochs,120,26,0.1123,0.646,0.7658
baseline,unet_baseline,96,adamw,8,5e-05,focal_dice,0.25,2.0,True,cosine,5,epochs,120,27,0.1083,0.6552,0.7681
baseline,unet_baseline,96,adamw,8,5e-05,focal_dice,0.25,2.0,True,cosine,5,epochs,120,28,0.1021,0.6357,0.7564
baseline,unet_baseline,96,adamw,8,5e-05,focal_dice,0.25,2.0,True,cosine,5,epochs,120,29,0.0936,0.632,0.7537
baseline,unet_baseline,96,adamw,8,5e-05,focal_dice,0.25,2.0,True,cosine,5,epochs,120,30,0.0969,0.6249,0.7426
baseline,unet_baseline,96,adamw,8,5e-05,focal_dice,0.25,2.0,True,cosine,5,epochs,120,31,0.0911,0.6571,0.7745
baseline,unet_baseline,96,adamw,8,5e-05,focal_dice,0.25,2.0,True,cosine,5,epochs,120,32,0.0914,0.6057,0.7312
baseline,unet_baseline,96,adamw,8,5e-05,focal_dice,0.25,2.0,True,cosine,5,epochs,120,33,0.1,0.6159,0.7318
baseline,unet_baseline,96,adamw,8,5e-05,focal_dice,0.25,2.0,True,cosine,5,epochs,120,34,0.0953,0.5849,0.7064
baseline,unet_baseline,96,adamw,8,5e-05,focal_dice,0.25,2.0,True,cosine,5,epochs,120,35,0.0933,0.6317,0.7458
baseline,unet_baseline,96,adamw,8,5e-05,focal_dice,0.25,2.0,True,cosine,5,epochs,120,36,0.0878,0.6321,0.7483
baseline,unet_baseline,96,adamw,8,5e-05,focal_dice,0.25,2.0,True,cosine,5,epochs,120,37,0.0806,0.6547,0.7734
baseline,unet_baseline,96,adamw,8,5e-05,focal_dice,0.25,2.0,True,cosine,5,epochs,120,38,0.0809,0.6015,0.7277
baseline,unet_baseline,96,adamw,8,5e-05,focal_dice,0.25,2.0,True,cosine,5,epochs,120,39,0.076,0.6402,0.7594
baseline,unet_baseline,96,adamw,8,5e-05,focal_dice,0.25,2.0,True,cosine,5,epochs,120,40,0.0751,0.6204,0.7439
baseline,unet_baseline,96,adamw,8,5e-05,focal_dice,0.25,2.0,True,cosine,5,epochs,120,41,0.0717,0.668,0.7831
baseline,unet_baseline,96,adamw,8,5e-05,focal_dice,0.25,2.0,True,cosine,5,epochs,120,42,0.0697,0.6338,0.7589
baseline,unet_baseline,96,adamw,8,5e-05,focal_dice,0.25,2.0,True,cosine,5,epochs,120,43,0.0751,0.6045,0.7343
baseline,unet_baseline,96,adamw,8,5e-05,focal_dice,0.25,2.0,True,cosine,5,epochs,120,44,0.0747,0.5865,0.7175
baseline,unet_baseline,96,adamw,8,5e-05,focal_dice,0.25,2.0,True,cosine,5,epochs,120,45,0.0666,0.5992,0.7238
baseline,unet_baseline,96,adamw,8,5e-05,focal_dice,0.25,2.0,True,cosine,5,epochs,120,46,0.0649,0.6252,0.7495
baseline,unet_baseline,96,adamw,8,5e-05,focal_dice,0.25,2.0,True,cosine,5,epochs,120,47,0.0614,0.641,0.761
baseline,unet_baseline,96,adamw,8,5e-05,focal_dice,0.25,2.0,True,cosine,5,epochs,120,48,0.063,0.6125,0.7373
baseline,unet_baseline,96,adamw,8,5e-05,focal_dice,0.25,2.0,True,cosine,5,epochs,120,49,0.0572,0.6345,0.7558
baseline,unet_baseline,96,adamw,8,5e-05,focal_dice,0.25,2.0,True,cosine,5,epochs,120,50,0.0571,0.6478,0.765
baseline,unet_baseline,96,adamw,8,5e-05,focal_dice,0.25,2.0,True,cosine,5,epochs,120,51,0.057,0.6289,0.754
baseline,unet_baseline,96,adamw,8,5e-05,focal_dice,0.25,2.0,True,cosine,5,epochs,120,52,0.0539,0.6379,0.7581
baseline,unet_baseline,96,adamw,8,5e-05,focal_dice,0.25,2.0,True,cosine,5,epochs,120,53,0.0519,0.627,0.751
baseline,unet_baseline,96,adamw,8,5e-05,focal_dice,0.25,2.0,True,cosine,5,epochs,120,54,0.052,0.6397,0.7595
baseline,unet_baseline,96,adamw,8,5e-05,focal_dice,0.25,2.0,True,cosine,5,epochs,120,55,0.0493,0.6372,0.758
baseline,unet_baseline,96,adamw,8,5e-05,focal_dice,0.25,2.0,True,cosine,5,epochs,120,56,0.0523,0.6487,0.7689
baseline,unet_baseline,96,adamw,8,5e-05,focal_dice,0.25,2.0,True,cosine,5,epochs,120,57,0.0458,0.6591,0.7741
baseline,unet_baseline,96,adamw,8,5e-05,focal_dice,0.25,2.0,True,cosine,5,epochs,120,58,0.0469,0.648,0.7657
baseline,unet_baseline,96,adamw,8,5e-05,focal_dice,0.25,2.0,True,cosine,5,epochs,120,59,0.0457,0.6345,0.7555
baseline,unet_baseline,96,adamw,8,5e-05,focal_dice,0.25,2.0,True,cosine,5,epochs,120,60,0.0419,0.6403,0.7592
baseline,unet_baseline,96,adamw,8,5e-05,focal_dice,0.25,2.0,True,cosine,5,epochs,120,61,0.0425,0.6306,0.7525
baseline,unet_baseline,96,adamw,8,5e-05,focal_dice,0.25,2.0,True,cosine,5,epochs,120,62,0.0417,0.6586,0.775
baseline,unet_baseline,96,adamw,8,5e-05,focal_dice,0.25,2.0,True,cosine,5,epochs,120,63,0.0393,0.6547,0.7712
baseline,unet_baseline,96,adamw,8,5e-05,focal_dice,0.25,2.0,True,cosine,5,epochs,120,64,0.0371,0.6579,0.7739
baseline,unet_baseline,96,adamw,8,5e-05,focal_dice,0.25,2.0,True,cosine,5,epochs,120,65,0.0366,0.6555,0.7724
baseline,unet_baseline,96,adamw,8,5e-05,focal_dice,0.25,2.0,True,cosine,5,epochs,120,66,0.0357,0.656,0.7745
baseline,unet_baseline,96,adamw,8,5e-05,focal_dice,0.25,2.0,True,cosine,5,epochs,120,67,0.039,0.6436,0.7637
baseline,unet_baseline,96,adamw,8,5e-05,focal_dice,0.25,2.0,True,cosine,5,epochs,120,68,0.0406,0.6487,0.7659
baseline,unet_baseline,96,adamw,8,5e-05,focal_dice,0.25,2.0,True,cosine,5,epochs,120,69,0.0346,0.6584,0.7732
baseline,unet_baseline,96,adamw,8,5e-05,focal_dice,0.25,2.0,True,cosine,5,epochs,120,70,0.0347,0.6551,0.7724
baseline,unet_baseline,96,adamw,8,5e-05,focal_dice,0.25,2.0,True,cosine,5,epochs,120,71,0.0327,0.663,0.7788
baseline,unet_baseline,96,adamw,8,5e-05,focal_dice,0.25,2.0,True,cosine,5,epochs,120,72,0.0317,0.6559,0.7718
baseline,unet_baseline,96,adamw,8,5e-05,focal_dice,0.25,2.0,True,cosine,5,epochs,120,73,0.029,0.655,0.7728
baseline,unet_baseline,96,adamw,8,5e-05,focal_dice,0.25,2.0,True,cosine,5,epochs,120,74,0.0305,0.6546,0.7717
baseline,unet_baseline,96,adamw,8,5e-05,focal_dice,0.25,2.0,True,cosine,5,epochs,120,75,0.0292,0.6518,0.7698
baseline,unet_baseline,96,adamw,8,5e-05,focal_dice,0.25,2.0,True,cosine,5,epochs,120,76,0.0288,0.6515,0.7698
baseline,unet_baseline,96,adamw,8,5e-05,focal_dice,0.25,2.0,True,cosine,5,epochs,120,77,0.0271,0.6547,0.7723
baseline,unet_baseline,96,adamw,8,5e-05,focal_dice,0.25,2.0,True,cosine,5,epochs,120,78,0.0272,0.6601,0.7779
baseline,unet_baseline,96,adamw,8,5e-05,focal_dice,0.25,2.0,True,cosine,5,epochs,120,79,0.0279,0.6543,0.7723
baseline,unet_baseline,96,adamw,8,5e-05,focal_dice,0.25,2.0,True,cosine,5,epochs,120,80,0.0273,0.6566,0.7742
baseline,unet_baseline,96,adamw,8,5e-05,focal_dice,0.25,2.0,True,cosine,5,epochs,120,81,0.0256,0.651,0.7694
baseline,unet_baseline,96,adamw,8,5e-05,focal_dice,0.25,2.0,True,cosine,5,epochs,120,82,0.0246,0.6546,0.7716
baseline,unet_baseline,96,adamw,8,5e-05,focal_dice,0.25,2.0,True,cosine,5,epochs,120,83,0.0255,0.654,0.7719
baseline,unet_baseline,96,adamw,8,5e-05,focal_dice,0.25,2.0,True,cosine,5,epochs,120,84,0.0255,0.6568,0.7739
baseline,unet_baseline,96,adamw,8,5e-05,focal_dice,0.25,2.0,True,cosine,5,epochs,120,85,0.0253,0.6553,0.7734
baseline,unet_baseline,96,adamw,8,5e-05,focal_dice,0.25,2.0,True,cosine,5,epochs,120,86,0.0244,0.6559,0.7742
baseline,unet_baseline,96,adamw,8,5e-05,focal_dice,0.25,2.0,True,cosine,5,epochs,120,87,0.0247,0.6523,0.7703
baseline,unet_baseline,96,adamw,8,5e-05,focal_dice,0.25,2.0,True,cosine,5,epochs,120,88,0.0243,0.6521,0.7708
baseline,unet_baseline,96,adamw,8,5e-05,focal_dice,0.25,2.0,True,cosine,5,epochs,120,89,0.0234,0.6544,0.7729
baseline,unet_baseline,96,adamw,8,5e-05,focal_dice,0.25,2.0,True,cosine,5,epochs,120,90,0.0242,0.6581,0.7758
baseline,unet_baseline,96,adamw,8,5e-05,focal_dice,0.25,2.0,True,cosine,5,epochs,120,91,0.0242,0.6579,0.7753
baseline,unet_baseline,96,adamw,8,5e-05,focal_dice,0.25,2.0,True,cosine,5,epochs,120,92,0.0235,0.6605,0.7781
baseline,unet_baseline,96,adamw,8,5e-05,focal_dice,0.25,2.0,True,cosine,5,epochs,120,93,0.0222,0.6566,0.7746
baseline,unet_baseline,96,adamw,8,5e-05,focal_dice,0.25,2.0,True,cosine,5,epochs,120,94,0.0233,0.6626,0.7792
baseline,unet_baseline,96,adamw,8,5e-05,focal_dice,0.25,2.0,True,cosine,5,epochs,120,95,0.0215,0.6606,0.7776
baseline,unet_baseline,96,adamw,8,5e-05,focal_dice,0.25,2.0,True,cosine,5,epochs,120,96,0.0223,0.662,0.7787
baseline,unet_baseline,96,adamw,8,5e-05,focal_dice,0.25,2.0,True,cosine,5,epochs,120,97,0.0222,0.6592,0.7768
baseline,unet_baseline,96,adamw,8,5e-05,focal_dice,0.25,2.0,True,cosine,5,epochs,120,98,0.0227,0.6576,0.7754
baseline,unet_baseline,96,adamw,8,5e-05,focal_dice,0.25,2.0,True,cosine,5,epochs,120,99,0.0215,0.6586,0.7767
baseline,unet_baseline,96,adamw,8,5e-05,focal_dice,0.25,2.0,True,cosine,5,epochs,120,100,0.0221,0.6545,0.7733
baseline,unet_baseline,96,adamw,8,5e-05,focal_dice,0.25,2.0,True,cosine,5,epochs,120,101,0.0206,0.6563,0.7747
baseline,unet_baseline,96,adamw,8,5e-05,focal_dice,0.25,2.0,True,cosine,5,epochs,120,102,0.0219,0.6529,0.7715
baseline,unet_baseline,96,adamw,8,5e-05,focal_dice,0.25,2.0,True,cosine,5,epochs,120,103,0.0201,0.6538,0.7724
baseline,unet_baseline,96,adamw,8,5e-05,focal_dice,0.25,2.0,True,cosine,5,epochs,120,104,0.0219,0.6554,0.7739
baseline,unet_baseline,96,adamw,8,5e-05,focal_dice,0.25,2.0,True,cosine,5,epochs,120,105,0.0208,0.6583,0.7762
baseline,unet_baseline,96,adamw,8,5e-05,focal_dice,0.25,2.0,True,cosine,5,epochs,120,106,0.0212,0.658,0.776
baseline,unet_baseline,96,adamw,8,5e-05,focal_dice,0.25,2.0,True,cosine,5,epochs,120,107,0.0208,0.6619,0.7793
baseline,unet_baseline,96,adamw,8,5e-05,focal_dice,0.25,2.0,True,cosine,5,epochs,120,108,0.0209,0.657,0.7755
baseline,unet_baseline,96,adamw,8,5e-05,focal_dice,0.25,2.0,True,cosine,5,epochs,120,109,0.0212,0.6563,0.7749
baseline,unet_baseline,96,adamw,8,5e-05,focal_dice,0.25,2.0,True,cosine,5,epochs,120,110,0.0194,0.6576,0.775
baseline,unet_baseline,96,adamw,8,5e-05,focal_dice,0.25,2.0,True,cosine,5,epochs,120,111,0.02,0.6579,0.776
baseline,unet_baseline,96,adamw,8,5e-05,focal_dice,0.25,2.0,True,cosine,5,epochs,120,112,0.0203,0.6584,0.7762
baseline,unet_baseline,96,adamw,8,5e-05,focal_dice,0.25,2.0,True,cosine,5,epochs,120,113,0.0203,0.6583,0.7763
baseline,unet_baseline,96,adamw,8,5e-05,focal_dice,0.25,2.0,True,cosine,5,epochs,120,114,0.0199,0.6613,0.7788
baseline,unet_baseline,96,adamw,8,5e-05,focal_dice,0.25,2.0,True,cosine,5,epochs,120,115,0.0201,0.661,0.7784
baseline,unet_baseline,96,adamw,8,5e-05,focal_dice,0.25,2.0,True,cosine,5,epochs,120,116,0.0213,0.6578,0.7759
baseline,unet_baseline,96,adamw,8,5e-05,focal_dice,0.25,2.0,True,cosine,5,epochs,120,117,0.0201,0.6573,0.7756
baseline,unet_baseline,96,adamw,8,5e-05,focal_dice,0.25,2.0,True,cosine,5,epochs,120,118,0.0205,0.6585,0.7766
baseline,unet_baseline,96,adamw,8,5e-05,focal_dice,0.25,2.0,True,cosine,5,epochs,120,119,0.0209,0.6587,0.7767
baseline,unet_baseline,96,adamw,8,5e-05,focal_dice,0.25,2.0,True,cosine,5,epochs,120,120,0.0188,0.6566,0.7746
baseline,unet_baseline,96,adamw,8,5e-05,focal_dice,0.25,2.0,True,cosine,5,epochs,150,1,0.2381,0.4423,0.5853
baseline,unet_baseline,96,adamw,8,5e-05,focal_dice,0.25,2.0,True,cosine,5,epochs,150,2,0.1925,0.5576,0.6901
baseline,unet_baseline,96,adamw,8,5e-05,focal_dice,0.25,2.0,True,cosine,5,epochs,150,3,0.1893,0.5977,0.7226
baseline,unet_baseline,96,adamw,8,5e-05,focal_dice,0.25,2.0,True,cosine,5,epochs,150,4,0.1831,0.6206,0.7421
baseline,unet_baseline,96,adamw,8,5e-05,focal_dice,0.25,2.0,True,cosine,5,epochs,150,5,0.1817,0.6045,0.7296
baseline,unet_baseline,96,adamw,8,5e-05,focal_dice,0.25,2.0,True,cosine,5,epochs,150,6,0.1766,0.5735,0.7063
baseline,unet_baseline,96,adamw,8,5e-05,focal_dice,0.25,2.0,True,cosine,5,epochs,150,7,0.166,0.5899,0.7187
baseline,unet_baseline,96,adamw,8,5e-05,focal_dice,0.25,2.0,True,cosine,5,epochs,150,8,0.1707,0.6147,0.742
baseline,unet_baseline,96,adamw,8,5e-05,focal_dice,0.25,2.0,True,cosine,5,epochs,150,9,0.1625,0.6126,0.7318
baseline,unet_baseline,96,adamw,8,5e-05,focal_dice,0.25,2.0,True,cosine,5,epochs,150,10,0.1607,0.5866,0.7169
baseline,unet_baseline,96,adamw,8,5e-05,focal_dice,0.25,2.0,True,cosine,5,epochs,150,11,0.1565,0.6276,0.7466
baseline,unet_baseline,96,adamw,8,5e-05,focal_dice,0.25,2.0,True,cosine,5,epochs,150,12,0.1527,0.6216,0.7436
baseline,unet_baseline,96,adamw,8,5e-05,focal_dice,0.25,2.0,True,cosine,5,epochs,150,13,0.1437,0.6284,0.7515
baseline,unet_baseline,96,adamw,8,5e-05,focal_dice,0.25,2.0,True,cosine,5,epochs,150,14,0.1449,0.6035,0.7287
baseline,unet_baseline,96,adamw,8,5e-05,focal_dice,0.25,2.0,True,cosine,5,epochs,150,15,0.1388,0.6385,0.7561
baseline,unet_baseline,96,adamw,8,5e-05,focal_dice,0.25,2.0,True,cosine,5,epochs,150,16,0.1424,0.6384,0.7543
baseline,unet_baseline,96,adamw,8,5e-05,focal_dice,0.25,2.0,True,cosine,5,epochs,150,17,0.1294,0.5892,0.7191
baseline,unet_baseline,96,adamw,8,5e-05,focal_dice,0.25,2.0,True,cosine,5,epochs,150,18,0.1377,0.6105,0.7378
baseline,unet_baseline,96,adamw,8,5e-05,focal_dice,0.25,2.0,True,cosine,5,epochs,150,19,0.1282,0.6582,0.7699
baseline,unet_baseline,96,adamw,8,5e-05,focal_dice,0.25,2.0,True,cosine,5,epochs,150,20,0.132,0.671,0.7809
baseline,unet_baseline,96,adamw,8,5e-05,focal_dice,0.25,2.0,True,cosine,5,epochs,150,21,0.1272,0.6398,0.7569
baseline,unet_baseline,96,adamw,8,5e-05,focal_dice,0.25,2.0,True,cosine,5,epochs,150,22,0.1208,0.6321,0.753
baseline,unet_baseline,96,adamw,8,5e-05,focal_dice,0.25,2.0,True,cosine,5,epochs,150,23,0.1165,0.6211,0.7456
baseline,unet_baseline,96,adamw,8,5e-05,focal_dice,0.25,2.0,True,cosine,5,epochs,150,24,0.1123,0.6282,0.7506
baseline,unet_baseline,96,adamw,8,5e-05,focal_dice,0.25,2.0,True,cosine,5,epochs,150,25,0.1161,0.5963,0.715
baseline,unet_baseline,96,adamw,8,5e-05,focal_dice,0.25,2.0,True,cosine,5,epochs,150,26,0.1152,0.6508,0.7636
baseline,unet_baseline,96,adamw,8,5e-05,focal_dice,0.25,2.0,True,cosine,5,epochs,150,27,0.1072,0.6463,0.7646
baseline,unet_baseline,96,adamw,8,5e-05,focal_dice,0.25,2.0,True,cosine,5,epochs,150,28,0.1105,0.6212,0.7448
baseline,unet_baseline,96,adamw,8,5e-05,focal_dice,0.25,2.0,True,cosine,5,epochs,150,29,0.1132,0.6442,0.7618
baseline,unet_baseline,96,adamw,8,5e-05,focal_dice,0.25,2.0,True,cosine,5,epochs,150,30,0.0989,0.653,0.77
baseline,unet_baseline,96,adamw,8,5e-05,focal_dice,0.25,2.0,True,cosine,5,epochs,150,31,0.0966,0.6639,0.7748
baseline,unet_baseline,96,adamw,8,5e-05,focal_dice,0.25,2.0,True,cosine,5,epochs,150,32,0.0913,0.6578,0.7731
baseline,unet_baseline,96,adamw,8,5e-05,focal_dice,0.25,2.0,True,cosine,5,epochs,150,33,0.0902,0.6128,0.7359
baseline,unet_baseline,96,adamw,8,5e-05,focal_dice,0.25,2.0,True,cosine,5,epochs,150,34,0.0893,0.6701,0.7806
baseline,unet_baseline,96,adamw,8,5e-05,focal_dice,0.25,2.0,True,cosine,5,epochs,150,35,0.0851,0.6213,0.7442
baseline,unet_baseline,96,adamw,8,5e-05,focal_dice,0.25,2.0,True,cosine,5,epochs,150,36,0.0837,0.6455,0.762
baseline,unet_baseline,96,adamw,8,5e-05,focal_dice,0.25,2.0,True,cosine,5,epochs,150,37,0.0842,0.6487,0.7662
baseline,unet_baseline,96,adamw,8,5e-05,focal_dice,0.25,2.0,True,cosine,5,epochs,150,38,0.0778,0.6458,0.7656
baseline,unet_baseline,96,adamw,8,5e-05,focal_dice,0.25,2.0,True,cosine,5,epochs,150,39,0.0756,0.6521,0.7698
baseline,unet_baseline,96,adamw,8,5e-05,focal_dice,0.25,2.0,True,cosine,5,epochs,150,40,0.0766,0.627,0.7527
baseline,unet_baseline,96,adamw,8,5e-05,focal_dice,0.25,2.0,True,cosine,5,epochs,150,41,0.0749,0.5895,0.7179
baseline,unet_baseline,96,adamw,8,5e-05,focal_dice,0.25,2.0,True,cosine,5,epochs,150,42,0.0722,0.6118,0.7327
baseline,unet_baseline,96,adamw,8,5e-05,focal_dice,0.25,2.0,True,cosine,5,epochs,150,43,0.0709,0.6608,0.7783
baseline,unet_baseline,96,adamw,8,5e-05,focal_dice,0.25,2.0,True,cosine,5,epochs,150,44,0.0658,0.6495,0.7664
baseline,unet_baseline,96,adamw,8,5e-05,focal_dice,0.25,2.0,True,cosine,5,epochs,150,45,0.0662,0.6299,0.7567
baseline,unet_baseline,96,adamw,8,5e-05,focal_dice,0.25,2.0,True,cosine,5,epochs,150,46,0.0626,0.6685,0.7835
baseline,unet_baseline,96,adamw,8,5e-05,focal_dice,0.25,2.0,True,cosine,5,epochs,150,47,0.0607,0.6216,0.7465
baseline,unet_baseline,96,adamw,8,5e-05,focal_dice,0.25,2.0,True,cosine,5,epochs,150,48,0.0573,0.6418,0.7659
baseline,unet_baseline,96,adamw,8,5e-05,focal_dice,0.25,2.0,True,cosine,5,epochs,150,49,0.0553,0.6609,0.7783
baseline,unet_baseline,96,adamw,8,5e-05,focal_dice,0.25,2.0,True,cosine,5,epochs,150,50,0.0569,0.6483,0.7702
baseline,unet_baseline,96,adamw,8,5e-05,focal_dice,0.25,2.0,True,cosine,5,epochs,150,51,0.054,0.6654,0.7815
baseline,unet_baseline,96,adamw,8,5e-05,focal_dice,0.25,2.0,True,cosine,5,epochs,150,52,0.0535,0.6314,0.7567
baseline,unet_baseline,96,adamw,8,5e-05,focal_dice,0.25,2.0,True,cosine,5,epochs,150,53,0.0516,0.6478,0.7709
baseline,unet_baseline,96,adamw,8,5e-05,focal_dice,0.25,2.0,True,cosine,5,epochs,150,54,0.0489,0.6527,0.7725
baseline,unet_baseline,96,adamw,8,5e-05,focal_dice,0.25,2.0,True,cosine,5,epochs,150,55,0.0466,0.6619,0.7785
baseline,unet_baseline,96,adamw,8,5e-05,focal_dice,0.25,2.0,True,cosine,5,epochs,150,56,0.0474,0.6638,0.7808
baseline,unet_baseline,96,adamw,8,5e-05,focal_dice,0.25,2.0,True,cosine,5,epochs,150,57,0.0458,0.6537,0.7758
baseline,unet_baseline,96,adamw,8,5e-05,focal_dice,0.25,2.0,True,cosine,5,epochs,150,58,0.0464,0.6675,0.7833
baseline,unet_baseline,96,adamw,8,5e-05,focal_dice,0.25,2.0,True,cosine,5,epochs,150,59,0.0443,0.6388,0.7627
baseline,unet_baseline,96,adamw,8,5e-05,focal_dice,0.25,2.0,True,cosine,5,epochs,150,60,0.0425,0.648,0.7681
baseline,unet_baseline,96,adamw,8,5e-05,focal_dice,0.25,2.0,True,cosine,5,epochs,150,61,0.04,0.6642,0.7807
baseline,unet_baseline,96,adamw,8,5e-05,focal_dice,0.25,2.0,True,cosine,5,epochs,150,62,0.0387,0.6596,0.7772
baseline,unet_baseline,96,adamw,8,5e-05,focal_dice,0.25,2.0,True,cosine,5,epochs,150,63,0.0367,0.6625,0.7793
baseline,unet_baseline,96,adamw,8,5e-05,focal_dice,0.25,2.0,True,cosine,5,epochs,150,64,0.0354,0.669,0.7856
baseline,unet_baseline,96,adamw,8,5e-05,focal_dice,0.25,2.0,True,cosine,5,epochs,150,65,0.0362,0.6651,0.7821
baseline,unet_baseline,96,adamw,8,5e-05,focal_dice,0.25,2.0,True,cosine,5,epochs,150,66,0.034,0.6419,0.766
baseline,unet_baseline,96,adamw,8,5e-05,focal_dice,0.25,2.0,True,cosine,5,epochs,150,67,0.0339,0.644,0.7637
baseline,unet_baseline,96,adamw,8,5e-05,focal_dice,0.25,2.0,True,cosine,5,epochs,150,68,0.0323,0.6659,0.7829
baseline,unet_baseline,96,adamw,8,5e-05,focal_dice,0.25,2.0,True,cosine,5,epochs,150,69,0.0314,0.6615,0.7806
baseline,unet_baseline,96,adamw,8,5e-05,focal_dice,0.25,2.0,True,cosine,5,epochs,150,70,0.0315,0.652,0.7734
baseline,unet_baseline,96,adamw,8,5e-05,focal_dice,0.25,2.0,True,cosine,5,epochs,150,71,0.0312,0.6519,0.7731
baseline,unet_baseline,96,adamw,8,5e-05,focal_dice,0.25,2.0,True,cosine,5,epochs,150,72,0.0292,0.6645,0.782
baseline,unet_baseline,96,adamw,8,5e-05,focal_dice,0.25,2.0,True,cosine,5,epochs,150,73,0.0285,0.6643,0.7812
baseline,unet_baseline,96,adamw,8,5e-05,focal_dice,0.25,2.0,True,cosine,5,epochs,150,74,0.0277,0.6675,0.7838
baseline,unet_baseline,96,adamw,8,5e-05,focal_dice,0.25,2.0,True,cosine,5,epochs,150,75,0.0267,0.66,0.7781
baseline,unet_baseline,96,adamw,8,5e-05,focal_dice,0.25,2.0,True,cosine,5,epochs,150,76,0.0271,0.672,0.7859
baseline,unet_baseline,96,adamw,8,5e-05,focal_dice,0.25,2.0,True,cosine,5,epochs,150,77,0.0277,0.649,0.7724
baseline,unet_baseline,96,adamw,8,5e-05,focal_dice,0.25,2.0,True,cosine,5,epochs,150,78,0.0267,0.6537,0.7732
baseline,unet_baseline,96,adamw,8,5e-05,focal_dice,0.25,2.0,True,cosine,5,epochs,150,79,0.0251,0.6676,0.7833
baseline,unet_baseline,96,adamw,8,5e-05,focal_dice,0.25,2.0,True,cosine,5,epochs,150,80,0.0241,0.6549,0.7744
baseline,unet_baseline,96,adamw,8,5e-05,focal_dice,0.25,2.0,True,cosine,5,epochs,150,81,0.0244,0.6551,0.7737
baseline,unet_baseline,96,adamw,8,5e-05,focal_dice,0.25,2.0,True,cosine,5,epochs,150,82,0.0242,0.6636,0.7812
baseline,unet_baseline,96,adamw,8,5e-05,focal_dice,0.25,2.0,True,cosine,5,epochs,150,83,0.0254,0.6301,0.7533
baseline,unet_baseline,96,adamw,8,5e-05,focal_dice,0.25,2.0,True,cosine,5,epochs,150,84,0.0252,0.6265,0.7522
baseline,unet_baseline,96,adamw,8,5e-05,focal_dice,0.25,2.0,True,cosine,5,epochs,150,85,0.0231,0.649,0.7696
baseline,unet_baseline,96,adamw,8,5e-05,focal_dice,0.25,2.0,True,cosine,5,epochs,150,86,0.0222,0.6541,0.7732
baseline,unet_baseline,96,adamw,8,5e-05,focal_dice,0.25,2.0,True,cosine,5,epochs,150,87,0.0216,0.6614,0.7777
baseline,unet_baseline,96,adamw,8,5e-05,focal_dice,0.25,2.0,True,cosine,5,epochs,150,88,0.0215,0.6448,0.7673
baseline,unet_baseline,96,adamw,8,5e-05,focal_dice,0.25,2.0,True,cosine,5,epochs,150,89,0.0217,0.6577,0.7756
baseline,unet_baseline,96,adamw,8,5e-05,focal_dice,0.25,2.0,True,cosine,5,epochs,150,90,0.0201,0.6603,0.7797
baseline,unet_baseline,96,adamw,8,5e-05,focal_dice,0.25,2.0,True,cosine,5,epochs,150,91,0.0205,0.6633,0.7809
baseline,unet_baseline,96,adamw,8,5e-05,focal_dice,0.25,2.0,True,cosine,5,epochs,150,92,0.0213,0.661,0.7798
baseline,unet_baseline,96,adamw,8,5e-05,focal_dice,0.25,2.0,True,cosine,5,epochs,150,93,0.0218,0.6481,0.7689
baseline,unet_baseline,96,adamw,8,5e-05,focal_dice,0.25,2.0,True,cosine,5,epochs,150,94,0.021,0.6638,0.7835
baseline,unet_baseline,96,adamw,8,5e-05,focal_dice,0.25,2.0,True,cosine,5,epochs,150,95,0.0202,0.6535,0.7728
baseline,unet_baseline,96,adamw,8,5e-05,focal_dice,0.25,2.0,True,cosine,5,epochs,150,96,0.0192,0.6604,0.7783
baseline,unet_baseline,96,adamw,8,5e-05,focal_dice,0.25,2.0,True,cosine,5,epochs,150,97,0.0186,0.6559,0.7756
baseline,unet_baseline,96,adamw,8,5e-05,focal_dice,0.25,2.0,True,cosine,5,epochs,150,98,0.0193,0.6519,0.7715
baseline,unet_baseline,96,adamw,8,5e-05,focal_dice,0.25,2.0,True,cosine,5,epochs,150,99,0.0182,0.6554,0.7754
baseline,unet_baseline,96,adamw,8,5e-05,focal_dice,0.25,2.0,True,cosine,5,epochs,150,100,0.0173,0.6585,0.7775
baseline,unet_baseline,96,adamw,8,5e-05,focal_dice,0.25,2.0,True,cosine,5,epochs,150,101,0.0171,0.6595,0.7772
baseline,unet_baseline,96,adamw,8,5e-05,focal_dice,0.25,2.0,True,cosine,5,epochs,150,102,0.0175,0.6533,0.7727
baseline,unet_baseline,96,adamw,8,5e-05,focal_dice,0.25,2.0,True,cosine,5,epochs,150,103,0.0164,0.6576,0.7766
baseline,unet_baseline,96,adamw,8,5e-05,focal_dice,0.25,2.0,True,cosine,5,epochs,150,104,0.0182,0.6649,0.7824
baseline,unet_baseline,96,adamw,8,5e-05,focal_dice,0.25,2.0,True,cosine,5,epochs,150,105,0.0168,0.6547,0.7744
baseline,unet_baseline,96,adamw,8,5e-05,focal_dice,0.25,2.0,True,cosine,5,epochs,150,106,0.0182,0.646,0.7685
baseline,unet_baseline,96,adamw,8,5e-05,focal_dice,0.25,2.0,True,cosine,5,epochs,150,107,0.017,0.6514,0.7722
baseline,unet_baseline,96,adamw,8,5e-05,focal_dice,0.25,2.0,True,cosine,5,epochs,150,108,0.0171,0.6573,0.7763
baseline,unet_baseline,96,adamw,8,5e-05,focal_dice,0.25,2.0,True,cosine,5,epochs,150,109,0.0171,0.6602,0.7788
baseline,unet_baseline,96,adamw,8,5e-05,focal_dice,0.25,2.0,True,cosine,5,epochs,150,110,0.0165,0.6581,0.7773
baseline,unet_baseline,96,adamw,8,5e-05,focal_dice,0.25,2.0,True,cosine,5,epochs,150,111,0.0158,0.6647,0.7813
baseline,unet_baseline,96,adamw,8,5e-05,focal_dice,0.25,2.0,True,cosine,5,epochs,150,112,0.0159,0.6628,0.7808
baseline,unet_baseline,96,adamw,8,5e-05,focal_dice,0.25,2.0,True,cosine,5,epochs,150,113,0.0159,0.6521,0.7729
baseline,unet_baseline,96,adamw,8,5e-05,focal_dice,0.25,2.0,True,cosine,5,epochs,150,114,0.016,0.6585,0.7776
baseline,unet_baseline,96,adamw,8,5e-05,focal_dice,0.25,2.0,True,cosine,5,epochs,150,115,0.0151,0.6601,0.7793
baseline,unet_baseline,96,adamw,8,5e-05,focal_dice,0.25,2.0,True,cosine,5,epochs,150,116,0.0158,0.654,0.7737
baseline,unet_baseline,96,adamw,8,5e-05,focal_dice,0.25,2.0,True,cosine,5,epochs,150,117,0.0147,0.6579,0.7774
baseline,unet_baseline,96,adamw,8,5e-05,focal_dice,0.25,2.0,True,cosine,5,epochs,150,118,0.0146,0.6633,0.7813
baseline,unet_baseline,96,adamw,8,5e-05,focal_dice,0.25,2.0,True,cosine,5,epochs,150,119,0.0151,0.6572,0.7763
baseline,unet_baseline,96,adamw,8,5e-05,focal_dice,0.25,2.0,True,cosine,5,epochs,150,120,0.0142,0.6593,0.7783
baseline,unet_baseline,96,adamw,8,5e-05,focal_dice,0.25,2.0,True,cosine,5,epochs,150,121,0.0144,0.6624,0.7809
baseline,unet_baseline,96,adamw,8,5e-05,focal_dice,0.25,2.0,True,cosine,5,epochs,150,122,0.0148,0.6536,0.7738
baseline,unet_baseline,96,adamw,8,5e-05,focal_dice,0.25,2.0,True,cosine,5,epochs,150,123,0.0144,0.6613,0.7803
baseline,unet_baseline,96,adamw,8,5e-05,focal_dice,0.25,2.0,True,cosine,5,epochs,150,124,0.0149,0.6622,0.7805
baseline,unet_baseline,96,adamw,8,5e-05,focal_dice,0.25,2.0,True,cosine,5,epochs,150,125,0.0145,0.664,0.7824
baseline,unet_baseline,96,adamw,8,5e-05,focal_dice,0.25,2.0,True,cosine,5,epochs,150,126,0.015,0.6608,0.78
baseline,unet_baseline,96,adamw,8,5e-05,focal_dice,0.25,2.0,True,cosine,5,epochs,150,127,0.014,0.6612,0.7802
baseline,unet_baseline,96,adamw,8,5e-05,focal_dice,0.25,2.0,True,cosine,5,epochs,150,128,0.0147,0.6588,0.7778
baseline,unet_baseline,96,adamw,8,5e-05,focal_dice,0.25,2.0,True,cosine,5,epochs,150,129,0.0141,0.6589,0.7779
baseline,unet_baseline,96,adamw,8,5e-05,focal_dice,0.25,2.0,True,cosine,5,epochs,150,130,0.0162,0.664,0.7822
baseline,unet_baseline,96,adamw,8,5e-05,focal_dice,0.25,2.0,True,cosine,5,epochs,150,131,0.0138,0.6619,0.7805
baseline,unet_baseline,96,adamw,8,5e-05,focal_dice,0.25,2.0,True,cosine,5,epochs,150,132,0.0139,0.6619,0.7802
baseline,unet_baseline,96,adamw,8,5e-05,focal_dice,0.25,2.0,True,cosine,5,epochs,150,133,0.0144,0.6632,0.7815
baseline,unet_baseline,96,adamw,8,5e-05,focal_dice,0.25,2.0,True,cosine,5,epochs,150,134,0.0141,0.6626,0.7813
baseline,unet_baseline,96,adamw,8,5e-05,focal_dice,0.25,2.0,True,cosine,5,epochs,150,135,0.0145,0.6621,0.7809
baseline,unet_baseline,96,adamw,8,5e-05,focal_dice,0.25,2.0,True,cosine,5,epochs,150,136,0.014,0.6657,0.7835
baseline,unet_baseline,96,adamw,8,5e-05,focal_dice,0.25,2.0,True,cosine,5,epochs,150,137,0.0146,0.6584,0.7783
baseline,unet_baseline,96,adamw,8,5e-05,focal_dice,0.25,2.0,True,cosine,5,epochs,150,138,0.0143,0.6599,0.7796
baseline,unet_baseline,96,adamw,8,5e-05,focal_dice,0.25,2.0,True,cosine,5,epochs,150,139,0.0135,0.6542,0.7749
baseline,unet_baseline,96,adamw,8,5e-05,focal_dice,0.25,2.0,True,cosine,5,epochs,150,140,0.0136,0.658,0.7776
baseline,unet_baseline,96,adamw,8,5e-05,focal_dice,0.25,2.0,True,cosine,5,epochs,150,141,0.0134,0.6596,0.7792
baseline,unet_baseline,96,adamw,8,5e-05,focal_dice,0.25,2.0,True,cosine,5,epochs,150,142,0.0131,0.6593,0.7789
baseline,unet_baseline,96,adamw,8,5e-05,focal_dice,0.25,2.0,True,cosine,5,epochs,150,143,0.0161,0.6541,0.7744
baseline,unet_baseline,96,adamw,8,5e-05,focal_dice,0.25,2.0,True,cosine,5,epochs,150,144,0.0143,0.6593,0.7785
baseline,unet_baseline,96,adamw,8,5e-05,focal_dice,0.25,2.0,True,cosine,5,epochs,150,145,0.0151,0.6568,0.7766
baseline,unet_baseline,96,adamw,8,5e-05,focal_dice,0.25,2.0,True,cosine,5,epochs,150,146,0.0179,0.656,0.7756
baseline,unet_baseline,96,adamw,8,5e-05,focal_dice,0.25,2.0,True,cosine,5,epochs,150,147,0.014,0.6626,0.7809
baseline,unet_baseline,96,adamw,8,5e-05,focal_dice,0.25,2.0,True,cosine,5,epochs,150,148,0.0133,0.6682,0.7855
baseline,unet_baseline,96,adamw,8,5e-05,focal_dice,0.25,2.0,True,cosine,5,epochs,150,149,0.0133,0.6674,0.7852
baseline,unet_baseline,96,adamw,8,5e-05,focal_dice,0.25,2.0,True,cosine,5,epochs,150,150,0.0129,0.6645,0.783
